unique_ID,lon,lat
1,26.6652,67.8536
2,25.3457,66.6373
3,26.8505,67.247
4,26.94,67.1522
5,-112.0525,43.5227
6,-89.575,43.355
7,-72.11,42.29
8,-72.18,42.48
9,-89.47,43.38
10,-89.22,43.05
11,-49.16,-16.71
12,-79.35,45.36666667
13,-79.61666667,45.71666667
14,-78,34
15,-77.9,40.8
16,-84.4945,31.264
17,-84.473,31.2212
18,5.5,52.02
19,16.5,60.68333333
20,16.3,60.41
21,-76.5991,35.1103
22,-79.48,34.91
23,-77.99,36.68
24,19.76666667,64.23333333
25,-2.2265,11.318
26,-2.28871,13.6164
27,116.2833333,-21.15
28,116.3666667,-21.325
29,-84.32,35.92
30,13.99,56.3
31,-97.1208,49.8125
32,-97.9478,49.4998
33,-121.5124,45.3033
34,-121.502,45.3086
35,27.2,58.05
36,27.12,58.03
37,9.86,51.35
38,-2.3673,37.1267
39,-2.3697,37.1257
40,-2.7,36.6903
41,-2.696,36.6929
42,80.7031,37.0196
43,80.7021,37.0217
44,80.7052,37.0224
45,80.6988,37.0231
46,172.75,-42.87
47,-105.67,40.28
48,75.85,29.97
49,38.88333333,7.45
50,39.88333333,8.45
51,-76.6555,35.8747
52,-77.6801,35.8941
53,-80.6201,35.6992
54,-77.303,34.823
55,37.81527778,11.64027778
56,-1.05,53.95
57,-81.66666667,33.38333333
58,-71.46527778,46.68916667
59,-71.92611111,45.38
60,17.1075,52.24444444
61,122.39,51.14
62,67.2934,45.0427
63,68.7113,46.1823
64,68.0852,44.9656
65,67.4173,45.1175
66,68.1023,45.0655
67,69.2907,44.2836
68,67.4246,45.0278
69,68.0524,44.9279
70,68.2609,44.947
71,67.2955,45.0412
72,68.0829,44.984
73,68.2713,44.9747
74,4.8,49.9
75,-0.750416667,44.71863889
76,-0.742,44.7211
77,-0.809388889,44.57727778
78,-0.8101,44.5769
79,93.51,28
80,-86.3831,48.7387
81,-86.3711,48.7327
82,-86.3806,48.7288
83,-86.3666,48.7276
84,-71.07,46.69
85,7.213371,48.203658
86,11.854475,50.129226
87,13.180842,56.530817
88,-105.08,40.57
89,114.5193,4.6585
90,-79.08333333,35.96666667
91,-101.166667,77.75
92,172.4833333,-43.63333333
93,16.5,60.81666667
94,-93.58,45.72
95,-93.35,45.43
96,-93.58,45.57
97,-76.5,42.45
98,-105.0799,39.1555
99,-105.0604,39.1189
100,-105.0904,39.1017
101,-105.0367,39.1158
102,-156.7,71.3
103,-99.21,46.39
104,3.85,43.98333333
105,118.5494,45.2435
106,-84.67,75.55
107,-105.7,75.36666667
108,-101,78.2
109,-100.8833333,77.75
110,-84.4,75.33
111,-65.78333333,18.3
112,-65.75,18.28333333
113,-111.0833333,32.21666667
114,-4.7366,57.1407
115,-52.8932,5.1657
116,-52.9121,5.1758
117,-101.7204,38.4042
118,12.667559,48.229482
119,11.136767,48.302158
120,11.681507,49.997398
121,12.358154,49.74359
122,11.48,49.58
123,12.23,49.45
124,11.04,48.17
125,12.44,48.13
126,18.2064,-31.706
127,18.206,-31.705
128,11.6888,-4.1533
129,-48.63333333,-23.03333333
130,-80.53333333,27.36666667
131,-77.83,40.85
132,-83.36,33.93
133,11.23333333,59.63333333
134,-89.46,49.08
135,6.3261,48.7338
136,-103.4374,26.4893
137,-110.2815,30.9688
138,-71.05,-46.5167
139,-101.6376,36.6333
140,-101.5875,36.6021
141,-101.6367,36.5888
142,-101.5999,36.6166
143,-101.6129,36.5912
144,-101.6187,36.6118
145,-101.6189,36.5898
146,-101.6472,36.574
147,-101.6189,36.5972
148,5.291,52.1326
149,-111.479,35.685
150,-111.4731,35.6812
151,-111.4288,35.7177
152,-111.4719,35.3236
153,-111.7342,35.5919
154,-111.8226,35.5011
155,-111.7989,35.5479
156,-111.971,35.5876
157,-111.6285,35.5916
158,-111.5445,35.6192
159,-111.5366,35.5358
160,-111.513,35.584
161,-111.5897,35.6165
162,-111.5298,35.6627
163,-111.6543,35.5931
164,-111.9318,35.5174
165,-111.9292,35.5559
166,-111.9114,35.3146
167,-111.8924,35.309
168,-111.934,35.579
169,-111.9128,35.3302
170,-111.8517,35.3486
171,-111.965,35.4142
172,-111.8073,35.4828
173,-111.751,35.4127
174,-111.7583,35.3963
175,-111.7301,35.3291
176,-111.7314,35.341
177,-111.7848,35.3102
178,-111.733,35.162
179,10.5039,52.7504
180,10.5,52.75
181,-92.2,38.57
182,-113.5,41.52
183,-11.85,42.61666667
184,18.81666667,68.35
185,115.9333333,-31.8
186,-111.0048,32.2163
187,-111.0205,32.2369
188,5.716,34.8731
189,3.925,32.4089
190,3.9466,32.3908
191,2.9419,33.4888
192,3.9124,32.5703
193,3.9254,32.4039
194,3.931,32.4051
195,119.06,27.46
196,-74.4304,40.4608
197,18.2497,-30.4128
198,9.56,51.32
199,-58.7197,-34.1516
200,-58.7091,-34.139
201,-71.9,45.4
202,-1.216666667,46.21666667
203,-147.8333333,65.16666667
204,-157.9166667,70.45
205,-149.5666667,68.75
206,-149.59,68.63
207,-148.7,69.33333333
208,-148.7114,70.3256
209,-149.5666667,64.83333333
210,-157.9166667,65.43333333
211,-157.9166667,65.16666667
212,-156.6666667,71.3
213,-151.7336,68.16666667
214,-122.6233333,44.33666667
215,-121.69,44.91
216,112.525,23.16666667
217,-77.95,40.7
218,103.2333333,29.7
219,-124.00484,45.0568
220,-121.608,43.7432
221,-91.5347,31.7154
222,127.3,45.21
223,111.0166667,44.40833333
224,12.31,50.35
225,-108.693857,40.514141
226,-95.1649,47.1684
227,-48.5995,-23.0225
228,-48.5989,-23.0243
229,-48.72777778,-22.96777778
230,15.79,63.75
231,-149.5666667,68.63333333
232,20.85,68.63333333
233,-119.7908,46.5782
234,-78.979,36.0251
235,-78.9912,36.0291
236,-78.9805,36.0216
237,-78.9974,36.0239
238,-89.41666667,45.63333333
239,79.85,9.15
240,-77.91,40.66
241,-77.96,40.71
242,NA,NA
243,-115.48,50.09
244,-115.8,50.15
245,-75.69,37.42
246,-75.66666667,37.66666667
247,36.143,2.1916
248,36.2652,2.2763
249,-109.9123,49.1008
250,-107.6809139,51.32835644
251,-109.8397,49.029
252,-107.6228,50.3864
253,-107.7828,52.2223
254,-106.7275,51.7463
255,-106.2573,51.8188
256,-107.8172,52.6939
257,-106.2829,52.077
258,-106.7899,52.1391
259,-109.4951,49.5654
260,-109.5,49.7591
261,-107.7897,50.4098
262,-109.5363,49.9261
263,-106.9281,52.5213
264,81.66666667,33.38333333
265,-93.39,45.21
266,-93.2,45.4
267,-65.82,18.32
268,-65.49,18.19
269,4.491,46.0183
270,4.4132,46.086
271,4.4992,46
272,4.4556,46.0745
273,4.5121,46.0447
274,4.4276,46.0997
275,4.4107,46.05
276,-60.2121,-2.594
277,87.7857,44.5583
278,87.8029,44.5384
279,-0.948255,44.493
280,-0.951666667,44.49527778
281,-0.941917,44.4893
282,85.8,25.98333333
283,-106.3256,41.3418
284,-106.2756,41.3707
285,-106.2945,41.3613
286,-106.3144,41.3538
287,-106.2914,41.3605
288,-106.2942,41.353
289,-8.0184,38.5265
290,-8.8189,38.8337
291,145.3131,-42.1433
292,147.5203,-41.2611
293,146.4315,-41.4018
294,146.5149,-41.3744
295,146.521,-41.3915
296,-76.4935,42.4428
297,115.6833333,-31.55
298,-84.2262,46.3382
299,-84.2462,46.3067
300,-88.22972222,41.84138889
301,-88.7,32.37
302,-2,36.08333333
303,-2.166666667,36.9
304,-1.833333333,36.9
305,-4.883333333,37.93333333
306,-6.5,37
307,-5.6,36.35
308,-5.6,36.33333333
309,2.645516,39.641205
310,-75.325,45.99722222
311,-71.67,46.91
312,116.0904,-32.3383
313,116.0882,-32.3426
314,-78.68874,35.718928
315,8.796944444,33.49111111
316,8.739298246,33.38027778
317,9.691388889,33.28472222
318,9.711388889,33.28472222
319,-113.75,53.38333333
320,-113.526789,53.524018
321,76.23,11.47
322,76.61,11.67
323,5.82,50.36
324,-121.58,47.32
325,-106.5931,35.3837
326,-106.596,35.3798
327,-106.6531,35.4248
328,-106.6512,35.4415
329,-106.6305,35.3818
330,-106.6469,35.3985
331,-106.6595,35.4432
332,-106.5923,35.3913
333,-15.41666667,16.3333
334,137.5833333,34.81666667
335,137.2166667,34.86666667
336,136.35,34.6
337,137.05,34.76111111
338,127.5333333,45.38333333
339,129.1083333,48.11666667
340,-118.9632,38.0817
341,91.0407,30.7175
342,-93.5,42.18333333
343,-149.9788,63.5051
344,-149.5889,63.6871
345,-82.367,39.183
346,10.4173,51.6818
347,10.4199,51.6831
348,10.4205,51.685
349,126.640236,45.724023
350,118.1219722,29.24518056
351,-86.6254,39.0646
352,-86.6346,39.0917
353,-86.1494,39.0765
354,-86.5829,39.1146
355,-86.6003,39.0192
356,-86.4628,39.1487
357,-86.5124,39.0397
358,-86.6567,39.1137
359,-16.4591,12.9557
360,-16.7166,12.3502
361,-16.5186,15.3682
362,-16.2646,15.6357
363,4.69,50.69
364,5.01,50.11
365,5.15,50.07
366,5.06,50.09
367,4.59,50.03
368,-84.27,36.02
369,-74.447442,40.500851
370,9.51,51.2
371,-123.9977,48.8113
372,-123.9926,48.8244
373,-81.4666,27.5666
374,-81.46666667,27.56666667
375,-77.9,40.65
376,11.06,60.16
377,-45.97,61.1
378,-45.58,61.06
379,9.55,51.77
380,-89.4434,43.1254
381,-115.4833333,35.1
382,20.3227,-28.6024
383,-115.6333333,34.8
384,-83.59,10.26
385,-80.21,34.58
386,-9.4,39.35
387,-76.297379,42.490765
388,-71.75,43.93333333
389,127.533,45.383
390,85.3785,44.71508333
391,18.71666667,-30.53333333
392,38.1472,-2.3289
393,14.8,48.83
394,24.32,61.8
395,29.83,62.23
396,29.5,62.14
397,24.19,61.48
398,-105.35,40.03
399,-2.8,54.05
400,-70.26666667,-45.68333333
401,18.83833333,68.345
402,-123.22,44.32
403,-123.37,44.53
404,-67.3775,8.8538
405,-98.1754,46.1424
406,-98.1495,46.1398
407,-98.1233,46.1359
408,-98.1599,46.1327
409,-98.1422,46.1327
410,-98.1327,46.1358
411,-98.1998,46.1191
412,-98.1642,46.1421
413,-98.194,46.1271
414,-98.1763,46.1294
415,1.5,43.51666667
416,1.5,43.53
417,-65.7587,18.2795
418,-80,37
419,171.55,-43.5
420,175.8333333,-36.65
421,3.86,43.64
422,3.87139,43.615224
423,8.852777778,45.98611111
424,17.16,4.027777778
425,17.90361111,3.885555556
426,17.17194444,4.020833333
427,-82.835005,34.673834
428,115.0591667,26.74416667
429,135.71667,35.06667
430,135.43,35.04
431,101.9166667,14.5
432,-121.9916667,37.325
433,-98.51,19.27
434,-98.85,19.45
435,23.12,43.1
436,-72.23,-51.56
437,79.95,30.29
438,-111.6244,33.5337
439,-111.6279,33.5543
440,-111.6252,33.5539
441,-111.6227,33.5546
442,-149.4166667,68.63333333
443,-86.6001,30.5701
444,8.311087,47.552784
445,-57.6834,-34.332
446,4.0343,43.7047
447,-94.0635,47.5458
448,-85.03,30.33
449,-82,30
450,-106.7505,32.5362
451,-106.7435,32.5227
452,-106.8507,32.6001
453,-106.7259,32.5444
454,-106.7431,32.568
455,-106.861,32.5931
456,-106.7872,32.687
457,-106.731,32.5458
458,-106.7369,32.4828
459,-106.7515,32.4886
460,-106.7538,32.4709
461,-106.7502,32.528
462,-106.7488,32.5244
463,-106.8411,32.606
464,-106.7415,32.5918
465,-106.8661,32.6745
466,-106.8481,32.6049
467,-106.8435,32.6
468,-71.31666667,7.616666667
469,-104.7666667,40.76666667
470,-104.767,40.817
471,45.2053,10.1225
472,44.122,9.5918
473,-97.4724,38.9677
474,10.38,51.45
475,9.23,52.45
476,10.06,51.34
477,11.51,50.03
478,18.10583333,51.24783333
479,24.35,51.24783333
480,-85.71666667,44.7
481,9.13,55.94
482,14,55.7
483,-155.15,19.2
484,-107.57,35.25
485,-107.34,35.15
486,-81.712025,28.102474
487,-122.5,44
488,-122,47.33
489,-122.3,44
490,80.688,37.0057
491,80.66943333,37.01105
492,80.7226,36.9897
493,80.7162,37
494,80.7279,37.0686
495,80.747,37.049
496,80.7405,37.0594
497,80.72313333,37.08103333
498,-118.1494,36.8162
499,-84.37,31.25
500,149.325,-35.33333333
501,133.51667,47.583
502,111.075,36.6
503,115.5666667,39.85
504,110.8,37.83333333
505,6.37874,45.0347
506,-2.366666667,37.13333333
507,-111.6734,35.2581
508,-92.127,46.7451
509,31.5849,-27.9262
510,31.584,-27.9266
511,31.5841,-27.9255
512,31.5826,-27.9265
513,9.94,51.54
514,14.75,57.13333333
515,13.075,56.675
516,112.58333,23.13333
517,13.75,53.367
518,8.15,47.82
519,-94.6,39.1
520,-96.5,39.17
521,-89.67,46.17
522,109.1421,39.0015
523,109.1415,39.0035
524,109.1431,39.0005
525,91.2,29.4
526,94.18,29.43
527,94.09,29.44
528,93,30
529,93.06,29.58
530,-2.45,54.65
531,-123.1,47.86
532,9.066666667,47.16666667
533,7.416666667,47.225
534,7.766666667,46.71666667
535,7.883333333,47.275
536,8.833333333,46.025
537,-117.1777,34.1864
538,-118.261,34.3055
539,26.03,61.1
540,15.34,64.27
541,25.02,61.55
542,-86.15,43.67
543,-85.795,43.815
544,-85.83,44.38
545,-86.09,43.4
546,-85.5,44.23
547,-83.44,9.35
548,10.3,52.45
549,-65.43,-17.16
550,-83.47,9.34
551,-72.55,-49.23
552,120.02,-1.3
553,11.23333333,52.61666667
554,9.95,53.16666667
555,10.31666667,52.83333333
556,11.26666667,52.4
557,10.19,52.5
558,10.86666667,53.15
559,11.26666667,52.36666667
560,10.23333333,52.98333333
561,11.25,52.61666667
562,11.28333333,52.38333333
563,11.16,52.24
564,11.15,52.37
565,11.17,52.23
566,10.52,53.09
567,10.49,53.07
568,10.81666667,53.11666667
569,11.16,52.22
570,10.14,52.59
571,9.57,53.1
572,11.14,52.37
573,-86.7071,30.494
574,-86.7005,30.4984
575,-86.7023,30.491
576,18.9218,-33.9479
577,149.13,-35.28
578,-116.4728,43.9227
579,135.7166667,35.66666667
580,-36.45,-54.15
581,158.56,-54.36
582,158.95,-54.5
583,-70.9999,-33.0685
584,170.175,-43.335
585,27.0328,-18.6413
586,27.0336,-18.6434
587,88.7,30.95
588,-115.071,51.0211
589,-115.0377,51.0277
590,-115.0765,50.994
591,36.6436,-1.2187
592,85.6912,25.9851
593,85.6879,25.9886
594,85.6804,25.9837
595,116.366127,39.962118
596,120.7166667,42.96666667
597,-117.0053,46.4378
598,-126.8956944,37.35569444
599,126.51,37.19
600,134.2166667,35.53333333
601,117.4166667,5.366666667
602,-103.28,43.26
603,-84.33333333,35.9
604,-111.8,41.75
605,-98.4895,31.0443
606,-97.7632,30.3693
607,-98.48,31.0393
608,-97.6907,30.6707
609,-98.5063,31.0298
610,-98.5052,31.042
611,-97.791,30.2567
612,-98.5042,31.0472
613,-97.863,30.2137
614,-98.4808,31.0395
615,-98.4805,31.0422
616,-98.3417,29.692
617,-99.9155,30.9282
618,-98.5192,29.8353
619,-106.7383,34.2694
620,-106.7848,32.4966
621,-104.6948,40.8853
622,-96.601,31.4995
623,-95.8994,31.9001
624,-99.3993,33.8993
625,148.55,-27.98333333
626,115.81,-31.98
627,23.3172,-25.2608
628,22.9712,-23.95
629,78.03333333,27.16666667
630,-76.15,43.05
631,-57.83833333,-36.03333333
632,-68.036578,-32.395484
633,-68.035831,-32.368527
634,-68.01184,-32.42673
635,91.9,25.56666667
636,91.54,25.34
637,-79.54686667,8.985619444
638,20.25,68.5
639,18.8083,68.3486
640,37.6308,-6.8376
641,37.6276,-6.8376
642,37.6297,-6.8418
643,37.6301,-6.8437
644,37.63333333,-6.8316
645,83.52,21.25
646,-92.12,38.4
647,-92.2,38.67
648,-92.2,38.66666667
649,-48.38,-23.02
650,19.1626,46.8444
651,68.428,37.2826
652,68.3834,37.2453
653,68.3643,37.2618
654,68.3036,37.2211
655,68.5235,37.212
656,68.2879,37.1699
657,68.2853,37.2234
658,138.56293,35.40974
659,138.6965,35.3715
660,142.2163,27.0702
661,133.9476,34.6583
662,139.7452,35.7187
663,139.6448,35.2426
664,130.5506,31.598
665,141.0857,39.943
666,142.3496,43.7521
667,-73.954417,40.632741
668,148.75,-35.38
669,148.45,-35.23
670,151,-33
671,-110.7,50.73332
672,114.0666667,4.233333333
673,113.7,3.65
674,113.6997,3.6506
675,114.0627,4.2361
676,33.4205,-8.8612
677,5.14,50.02
678,5.23,50.03
679,19.05301667,68.35713333
680,-122.17,46.5
681,-122,46
682,-120.03,38.93
683,127.17,37.78
684,116.0485,-32.3511
685,-79.5,34.91666667
686,-79,35
687,-88.95,46.25
688,-88.68333333,47.1
689,-87.9,46.5
690,-87.93333333,46.3
691,-88.65,47.08333333
692,-87.86666667,45.51666667
693,36.5,-1.2
694,7.683333333,60.26666667
695,27.01666667,69.75
696,7.666666667,60.28333333
697,7.35,60.41666667
698,-111.11,37.726
699,-119.5004,46.5566
700,-119.63,46.5327
701,-119.2917,46.4926
702,-119.3672,46.4716
703,22.2,48.88333333
704,135.7722,35.0579
705,135.7693,35.0586
706,76.9905,43.2418
707,108.8166667,18.66666667
708,112.9,22.68333333
709,112.5833333,23.13333333
710,101.4166667,21.68333333
711,114.17265,22.57985
712,101.0166667,24.53333333
713,108.8416667,18.60833333
714,108.8416667,22.65833333
715,140.13,36.1
716,4.31,51.18
717,61.05,56.6
718,66.4,66.65
719,63.68333333,58.05
720,60.15,55
721,30.9,53.38333333
722,-122.5225,37.861
723,115.0581111,26.74141667
724,175.318526,-37.787053
725,175.3166667,-37.78333333
726,78.279,17.5012
727,109.45,26.5
728,10.5,51.06666667
729,138.7661111,36.92222222
730,138.7694444,36.88888889
731,138.7347222,36.84166667
732,19.52,48.36
733,5.6498,52.0796
734,-145.5,65.43333333
735,-145.5,65.41666667
736,-39.16,-14.47
737,-147.8356,64.8589
738,-84.45,42.66666667
739,14.5278,-22.6893
740,16.9966,-22.5925
741,14.8564,-21.2141
742,126.7833333,72.61666667
743,-48.6083,-23.0226
744,-48.6361,-23.077
745,-71.85,44.01666667
746,28.5,62.56
747,-111.554578,34.926581
748,-111.652276,35.177059
749,-104.6206,40.8759
750,-104.6055,40.8634
751,34.85,3.72
752,34.51,3.43
753,1.083333333,8.52
754,36.58333333,7.55
755,19.27,64.7
756,9.35,51.46
757,11.26,51.23
758,11.03,51.25
759,10.03,51.31
760,-121.2256,38.9786
761,-121.2253,38.9817
762,-121.2244,38.9827
763,-121.2267,38.9819
764,-121.2259,38.9822
765,113.01,28.06
766,103.8833333,31.68333333
767,117.5166667,34.34166667
768,114.0666667,42.88333333
769,114.675,42.64166667
770,116.2833333,42.03333333
771,115.2833333,42.4
772,115.2111111,42.43888889
773,115.7833333,42.21666667
774,110.08,27.09
775,122.0166667,30.16666667
776,115.0666667,26.73333333
777,8.247679,49.992522
778,16.956624,47.961229
779,6.1278,51.8243
780,13.8479,44.9347
781,8.2103,50.0135
782,39.258745,44.821401
783,12.8579,46.8932
784,14.2883,46.6442
785,12.8871,46.9158
786,12.8348,47.0438
787,12.7678,47.0483
788,-114.2769,55.1681
789,-114.285,55.162
790,-114.3365,55.1786
791,-114.2816,55.1647
792,9.86,51.73
793,10.235,51.315
794,9.938125,51.538341
795,118.15,27.05
796,9.566666667,51.76666667
797,-119.3333333,46.40555556
798,-119.7342,46.5838
799,-119.7329,46.5836
800,-72.98333333,44.8
801,-72.53,44.31
802,-72.88333333,44.5
803,-72.59,44.48
804,116.2666667,42.03333333
805,83.6697,39.1105
806,87.92,44.37
807,80.72,36.46
808,110.2,39.49
809,104.78,37.45
810,120.69,42.93
811,117.95,49.48
812,115.89,42.86
813,113.3075,28.40777778
814,113.17,28.24
815,114.4530556,24.56847222
816,80.72883611,37.01565833
817,117.9666667,26.8
818,34.56666667,0.1
819,25.0136,58.595
820,25.68,58.73
821,114.1166667,22.7
822,115.25,-29.86666667
823,-72.1922,42.5345
824,107.39,33.42
825,109.7091,38.3265
826,112.8333333,22.66666667
827,127.5,45.35
828,-118.7483,36.5547
829,-75.91666667,78.88333333
830,-72.16666667,42.5
831,13.21666667,56.55
832,19.45,64.11666667
833,13.13,56.33
834,135.8333333,34.78333333
835,102.3,2.966666667
836,29.58333333,67.76666667
837,30.58,62.47
838,19.05,68.36666667
839,-14.88333333,12.81666667
840,-15.66666667,13.75
841,101.2666667,21.91666667
842,40.57,64.55
843,-61.72,-16.12
844,-96.5,36.93
845,-101.53,35.3
846,-104.77,40.82
847,-96.5,36.95
848,-0.1326,52.1359
849,-79.09,35.97
850,-79.9299,43.5081
851,16.7472,49.2921
852,-89.42,43.04
853,-81.61275,39.79
854,-4.42,57.44
855,-4.45,57.22
856,-149.7166667,68.63333333
857,-79.8877,44.1505
858,-79.8585,44.499
859,-79.3291,44.1401
860,-79.1224,44.1575
861,-79.4334,46.0013
862,-78.5031,44.0767
863,-79.1235,44.1615
864,-80.0603,44.2544
865,-80.3619,44.4707
866,-80.319,42.9218
867,-80.317,42.9214
868,-79.8589,44.5017
869,-80.3611,44.4722
870,-80.0663,44.253
871,-79.3371,44.1432
872,-79.4316,45.9969
873,-79.8869,44.151
874,-74.5089,39.8879
875,-74.5152,39.9174
876,-74.5007,39.9049
877,-77.4824,39.8263
878,-122.3,47.29
879,-81.3,41.61
880,10.29,51.23
881,10.01,51.29
882,11.25,51.2
883,9.44,51.19
884,10.02,51.57
885,11.26,51.19
886,9.39,51.32
887,10.27,51.32
888,10.52,51.24
889,11.27,51.1
890,9.26,51.44
891,9.36,51.48
892,9.4,51.42
893,11.25,51.22
894,10.504746,51.09561
895,10.23,51.05
896,-113.0355,38.3371
897,-112.3958,40.6503
898,-112.3411,40.6169
899,-47.15,-23.91666667
900,-48.85,-23.01666667
901,-5.02,6.13
902,-8.796944444,38.88194444
903,-8.817222222,38.83583333
904,-0.916666667,6.166666667
905,-0.75,6.3333
906,140.0765,-36.2918
907,103.0083333,29.94166667
908,-20.56666667,74.46666667
909,-98.1883,27.6695
910,-98.201,27.6667
911,27.3,63.1666
912,-104.46,40.46
913,-104.77,40.77
914,-121.3666667,44.25
915,-149.57,68.63
916,-153.175,69.955
917,136.9166667,35.55
918,138.8333333,35.15
919,138.35,34.98333333
920,136.5,35.11666667
921,149.1166667,-35.11666667
922,149.1166667,-35.28333333
923,9.07,45.59
924,14.33,41.43
925,1.1875,42.46611111
926,-75.5,45.4
927,-71.06666667,43.21666667
928,-72.148,-40.6518
929,-64.75,-38.75
930,-63.75,-38.75
931,-84.66666667,75.55
932,17.07944444,52.24444444
933,4.1661,44.0297
934,-106.77,32.3
935,-104.636,29.214
936,127.119,36.4465
937,-101.3327,51.2149
938,-89.43,43.04
939,133.56,-28.94
940,13.86666667,45.63333333
941,-98.19,50.11
942,-98.32,50.18
943,76.9848,43.2286
944,77.0651,43.0722
945,77.0138,43.1689
946,77.078,43.1102
947,-2.7919,55.1
948,143.1166667,-37.23333333
949,142.0166667,-37.83333333
950,108.2985,24.7214
951,108.3083333,24.725
952,107.9432,24.9069
953,13.19,55.98
954,13.63,55.7
955,13.17,55.98
956,13.92,55.75
957,13.16666667,55.98333333
958,13.63333333,55.7
959,13.91666667,55.75
960,102.3,2.983333333
961,3.258855975,43.59269
962,3.280842005,43.562645
963,-112.08,29.0582
964,-115.9074,33.0888
965,-99.7566,37.0439
966,-99.7527,37.0459
967,-99.7564,37.0451
968,-99.752,37.0471
969,-116.3931,33.6345
970,-96.65566667,39.3
971,118.9937,-33.1062
972,11.1,60.26666667
973,147.51,-42.82
974,26.455,-22.3506
975,26.4283,-22.3134
976,26.4662,-22.3626
977,26.4759,-22.277
978,26.3892,-22.3942
979,26.5081,-22.4924
980,26.4321,-22.3402
981,26.8402,-22.3243
982,-70.5,45.75
983,-7.25,52.95
984,22.15,61.31666667
985,43.35,14.75
986,5.0208,52.8964
987,4.695,51.5833
988,6.5692,52.5572
989,6.2036,52.6505
990,5.4091,52.0979
991,-159.36,22.05
992,-155.12,19.23
993,-155.14,19.59
994,26.45,58.46
995,2.5,53.41666667
996,50.58333333,49.11666667
997,-0.866666667,51.16666667
998,11.31666667,49.41666667
999,-0.866666667,52.41666667
1000,50.91666667,62.3
1001,50.65,62.25
1002,29.31666667,61.81666667
1003,27.03333333,58.61666667
1004,21.46666667,61.23333333
1005,26.66666667,66.33333333
1006,27.08333333,58.55
1007,26.93333333,57.96666667
1008,26.51,57.86666667
1009,28.54,69.58333333
1010,23.5,60.61666667
1011,23.42,54.86666667
1012,26.45,58.65
1013,21.5,58.38333333
1014,26.23,64.96666667
1015,26.44,66.35
1016,24.13,61.86666667
1017,-2.515368,55.310823
1018,-0.26,52.48
1019,-94.37,46.05
1020,106.6833333,29.63333333
1021,-72.05,44.28
1022,35,32.8
1023,35.61666667,32.66666667
1024,-72.3778,-0.6132
1025,-111.7916,43.8127
1026,36.6045,-0.9327
1027,36.0953,-0.925
1028,36.6009,-0.9173
1029,-9.13,38.73
1030,3.866666667,43.63333333
1031,-80.252892,25.716291
1032,-80.272789,25.676931
1033,-72.37722222,-50.32944444
1034,-69.52611111,-51.51222222
1035,-69.61444444,-51.59388889
1036,-71.64166667,-50.34138889
1037,-72.23333333,-51.58333333
1038,16.39,60.49
1039,16.3,60.49
1040,16.65,60.77
1041,-18.11,60.22
1042,16.33,57.25
1043,-111.0429,31.8424
1044,-78.94,36
1045,-4.5,5.5
1046,-4.3,5.3
1047,3.016666667,45.71666667
1048,-40.28,-6.7
1049,-80.22684,43.532076
1050,115.82,-32
1051,-80.89865,25.2866
1052,24,59
1053,25.02,59.47
1054,26.25,58.86
1055,-76.48,36.63
1056,-76.5,36.5
1057,-84.85,45.55
1058,-88.88333333,46.93333333
1059,-84.66666667,45.56666667
1060,-84.51,42.73
1061,-106.5166667,34.4
1062,-82.56666667,35.06666667
1063,-81.71666667,30.61666667
1064,-83.41666667,33.41666667
1065,-88.46666667,46.65
1066,-148.25,64.66666667
1067,-88.65,47.1
1068,-105.5927,40.5691
1069,-105.6302,40.5766
1070,-0.5998,32.7378
1071,-80.18,35.64
1072,-85.51,32.59
1073,-78.98,36.02
1074,-96.8379,55.9148
1075,-96.9086,56.048
1076,-91.6055,46.6986
1077,-96.4886,56.0859
1078,-96.4951,56.1075
1079,169.892318,-44.354139
1080,26.91666667,58.7
1081,109.02,38.57
1082,-89.245,20.81555556
1083,-89.65333333,20.87916667
1084,-89.65277778,20.83333333
1085,120,-1.6
1086,79.33,30.47
1087,76.5249,28.8807
1088,79.2,30.28
1089,79.3,29.24
1090,79.5,29.4
1091,7.2652,50.5531
1092,7.2623,50.5543
1093,7.2672,50.5537
1094,5.8666,51.8166
1095,5.868706,51.823443
1096,72.33,29.75
1097,78.97,29.23
1098,70.29,29.13
1099,70.2,29.8
1100,-47.4338,-21.9479
1101,-39.6354,-10.9736
1102,-2.7833,55.1
1103,-3.4262,58.4304
1104,-3.4267,58.4296
1105,-120.9669,38.4314
1106,127.5333333,45.40833333
1107,-95.9,49.88
1108,-104.49,41.08
1109,-96.58,39.08
1110,107.75,50.6
1111,-107.75,50.6
1112,-47.4153,-2.9837
1113,11.31,51.25
1114,34.78,30.85
1115,16.34,48.24
1116,16.23333333,48.21666667
1117,-1.2534,51.711
1118,-112.8235,43.8194
1119,-112.7309,43.8542
1120,-123.8,41.7536
1121,-81.663,34.6374
1122,7.34,47.02
1123,8,47.23
1124,7.59,47.18
1125,7.55,47.16
1126,7.47,47.06
1127,8.04,46.58
1128,-84.665,39.1012
1129,79.67,30.2
1130,49.4,30.11
1131,79.4,30.11
1132,-73.9358,41.673
1133,118.5539,-32.0963
1134,118.5244,-31.9535
1135,117.3701,-30.168
1136,117.3679,-30.1851
1137,117.1696,-32.9932
1138,117.17601,-32.9998
1139,117.2206,-33.6175
1140,118.7969,-33.1028
1141,117.5699,-32.8787
1142,-71.88,-34.15
1143,173.3584,-42.4508
1144,-114.9858333,49.56166667
1145,-112.8527778,49.67666667
1146,-113.3227778,49.50472222
1147,-113.5205556,50.81027778
1148,-112.9013889,49.61583333
1149,-114.0505556,49.5025
1150,-118.6296,35.969
1151,8.44,50.22
1152,-64.54166667,-30.5
1153,5.883333333,45.1
1154,101.25,21.93333333
1155,98.85,25.86666667
1156,3.083333333,43.91666667
1157,-3.4006,11.4336
1158,18.1061,-30.4336
1159,-148.29,64.73
1160,-148.18,64.45
1161,-148.25,64.75
1162,28.71666667,-24.66666667
1163,148.9333333,-35.35
1164,5.18,52.09
1165,82.21,21.2
1166,128.5666667,45.26666667
1167,-56.66222222,-18.99583333
1168,-56.64152778,-19.01186111
1169,-67.25,8.56
1170,11.05,47.3
1171,-121.91,44.05
1172,-122.22,44.23
1173,176.14,-38.25
1174,-122.26,44.21
1175,82.2,26.78
1176,82.12,26.47
1177,-12.25,45.25
1178,15.39,48.05
1179,15.6633,48.0975
1180,15.66388889,48.09722222
1181,15.6673,48.1001
1182,11.52,50.08
1183,11.75,50.06
1184,11.8,50
1185,-5.22,6.28
1186,-89.492,46.4491
1187,-88.2749,46.5502
1188,-88.8606,46.3533
1189,-87.6476,46.1092
1190,-87.2206,49.452
1191,-88.8578,46.3573
1192,-88.263,46.5563
1193,-88.8522,46.3571
1194,-86.6014,46.2203
1195,-89.043,46.2356
1196,-87.7391,45.7127
1197,-88.8844,46.238
1198,-88.0234,46.0071
1199,-89.4915,46.4744
1200,-85.4458,49.7635
1201,-89.042,46.19
1202,-88.0241,46.024
1203,-86.5761,49.5379
1204,-86.565,49.5413
1205,-89.5097,46.4635
1206,-88.864,46.3603
1207,-88.8782,46.2365
1208,-87.2,49.4607
1209,-88.2632,46.5506
1210,-88.2818,46.5554
1211,-87.7469,45.7148
1212,-89.5099,46.4615
1213,-85.4302,49.7615
1214,-86.2092,46.6292
1215,-87.7553,45.7172
1216,-88.8556,46.36
1217,-85.4142,49.7603
1218,-88.2761,46.5633
1219,-86.5524,49.5397
1220,-89.0025,46.1943
1221,-88.8471,46.3583
1222,-88.5212,46.6444
1223,-87.2404,49.4409
1224,-88.8639,46.3499
1225,-87.1557,49.2418
1226,-88.8578,46.3592
1227,-85.4197,46.4551
1228,-88.8499,46.3521
1229,-92.7276,48.3007
1230,-88.4393,46.6001
1231,-81.471,30.1337
1232,-81.4738,30.127
1233,-71.58194444,-44.85472222
1234,-156.2469,20.8
1235,-156.2529,20.80736
1236,-156.255,20.8058
1237,-156.15,20.8
1238,36.4473,31.7417
1239,35.4955,31.7462
1240,35.4638,31.7431
1241,35.4676,31.7357
1242,-149.3166667,68.61666667
1243,14.4134,10.3081
1244,14.3991,10.3161
1245,14.3978,10.2909
1246,-58.5,-36.5
1247,30,-31.17
1248,-113.705,34.2113
1249,-114.0563,34.28
1250,-113.8329,34.2233
1251,-156.667,70.333
1252,-156.685,71.2945
1253,-156.6833333,71.3
1254,-149.34,68.38
1255,110.7833333,30.98333333
1256,-87.7711,42.1297
1257,-87.779,42.1215
1258,-87.7665,42.1065
1259,-87.7753,41.1247
1260,101.12,21.105
1261,18.4183,-30.2492
1262,17.9806,-29.7008
1263,-9.2853,38.9538
1264,-7.0283,40.2781
1265,83.03,24.36
1266,83.05,24.6
1267,144.4359,-35.435
1268,144.4318,-35.4355
1269,144.4339,-35.435
1270,158.95,-54.6
1271,-4.4,56.26666667
1272,-4.633333333,56.45
1273,-2.16667,57.28333
1274,-76.15,34.05
1275,-74.65,39.53
1276,-36.5,-54.4
1277,16.301,48.2308
1278,7.2065,45.7063
1279,-79.0597,-3.9713
1280,-79.1658,-4.1017
1281,-47.3363,-1.2481
1282,-47.363,-1.2617
1283,127.42,37.3
1284,-83.348562,8.411861
1285,-109.1,45.28
1286,-116.099,46.8215
1287,-115.9644,43.5671
1288,-115.4252,43.6425
1289,-115.8971,46.6047
1290,-115.9716,43.6063
1291,-115.3467,43.4147
1292,-113.9144,45.2016
1293,-115.6881,45.6099
1294,-87.9797,29.5559
1295,-89.9816,40.2233
1296,-88.1438,40.3323
1297,-89.0745,39.949
1298,-88.2359,40.0758
1299,-96.6173,42.4706
1300,-96.0897,40.2267
1301,-96.0729,40.1815
1302,-96.033,40.1392
1303,-96.1621,40.2138
1304,-95.5345,40.2364
1305,-96.7075,42.3045
1306,-97.8079,41.352
1307,-96.1263,40.1494
1308,-97.7298,41.4431
1309,-96.1601,40.085
1310,-95.5565,40.2292
1311,-98.2649,40.9456
1312,-96.1608,40.0642
1313,-96.1504,40.1981
1314,-96.5368,42.3798
1315,-98.1765,40.9856
1316,-98.0564,41.0569
1317,-96.3333,40.0808
1318,-96.2929,40.0211
1319,-96.3512,40.1574
1320,-96.1393,40.2494
1321,-96.6588,42.3675
1322,-96.1542,40.1052
1323,-97.8965,41.3838
1324,-96.4298,42.4337
1325,-96.623,42.3733
1326,-98.157,41.2482
1327,-96.2953,40.052
1328,-95.5093,40.2166
1329,-95.9834,40.1563
1330,-95.5683,40.2589
1331,-98.1729,41.4706
1332,-96.3407,40.0311
1333,-96.6926,42.3017
1334,-98.1502,41.2863
1335,-96.702,40.7175
1336,-97.9801,41.3397
1337,-96.0837,40.2022
1338,-95.9656,40.1739
1339,-97.9986,41.1137
1340,-96.678,42.4304
1341,-97.7653,41.2485
1342,-96.7078,42.3198
1343,-96.094,40.211
1344,83.205,24.105
1345,83.1356,24.8987
1346,-98.48,55.88
1347,-105.12,53.99
1348,-98.62,55.93
1349,-104.69,53.92
1350,-106.2,53.63
1351,-98.04,55.85
1352,-104.68,53.83
1353,-98.6,55.93
1354,34.96175,32.09
1355,-75.68,37.42
1356,-100.5877,48.3157
1357,-83.56666667,38.25
1358,-114.346,55.174
1359,-114.1981,55.1477
1360,-114.0538,55.0417
1361,-114.1504,55.1021
1362,-114.162,55.1118
1363,-114.1227,55.076
1364,-114.121,55.0847
1365,-114.1444,55.0993
1366,-114.0997,55.0894
1367,-114.3143,55.1747
1368,-107.1587,41.4484
1369,-107.1562,41.4471
1370,-107.1587,41.444
1371,106.15,37.13
1372,104.4,31.20833333
1373,122.0661,-33.4381
1374,122.2492,-33.67
1375,121.7539,-33.5481
1376,121.88,-33.7953
1377,121.7064,-33.5533
1378,122.8961,-33.6294
1379,122.8883,-33.6331
1380,122.8794,-33.6381
1381,122.0483,-33.6161
1382,121.8794,-33.5644
1383,121.8544,-33.565
1384,-149.6,68.61666667
1385,-68.5,76.55
1386,127.5333333,45.375
1387,117.2069444,42.40083333
1388,77.25,8.48
1389,77.15,8.29
1390,-120.5441,39.9249
1391,-77.8668,43.3098
1392,-77.7858,43.3294
1393,-77.759,43.2787
1394,116.5578,-1.2032
1395,116.2018,-1.5205
1396,102.4093,-1.5062
1397,-109.4139,43.7035
1398,-109.4137,43.7043
1399,-109.4148,43.7038
1400,-109.4158,43.7045
1401,-83.35859444,33.89327222
1402,-92.1992,38.753
1403,11,52.26666667
1404,11.327,51.8973
1405,10.41666667,52.78333333
1406,8.133333333,53.38333333
1407,149.13,-35.3
1408,-113.385496,54.468694
1409,-78.938261,36.0014
1410,30.5482,-16.1811
1411,30.5562,-16.1625
1412,30.6214,-16.2533
1413,30.6237,-16.2554
1414,30.625,-16.2512
1415,30.6224,-16.2575
1416,30.5518,-16.1728
1417,30.6174,-16.2473
1418,30.624,-16.2487
1419,28.4997,-17.6337
1420,27.7514,-18.9326
1421,28.4995,-17.6346
1422,24.9035,-17.3063
1423,24.8923,-17.3097
1424,26.0325,-18.2187
1425,27.8205,-18.8768
1426,28.4981,-17.6388
1427,28.1772,-19.9469
1428,26.0325,-18.2152
1429,28.2034,-17.4682
1430,28.2014,-17.4794
1431,28.8192,-18.8568
1432,27.7505,-18.9337
1433,27.8272,-18.8737
1434,27.8319,-18.8739
1435,28.1868,-19.9511
1436,27.7516,-18.9307
1437,28.4994,-17.6353
1438,27.7702,-18.9407
1439,28.8192,-18.8552
1440,28.8205,-18.8541
1441,29.0195,-21.3503
1442,29.0262,-21.35
1443,28.1826,-19.9504
1444,27.7627,-18.9375
1445,28.5046,-17.6198
1446,28.1669,-19.972
1447,28.501,-17.6322
1448,27.7501,-18.932
1449,25.8769,-18.1847
1450,27.7559,-18.9375
1451,28.1774,-19.956
1452,29.0058,-21.339
1453,29.0303,-21.3451
1454,26.037,-18.2265
1455,28.1703,-19.9671
1456,27.8172,-18.8761
1457,28.1805,-19.9547
1458,28.5004,-17.6364
1459,27.8106,-18.8756
1460,27.7486,-18.9297
1461,26.0189,-18.2088
1462,28.1818,-19.9573
1463,29.0185,-21.3359
1464,26.0398,-18.205
1465,28.2028,-17.4655
1466,29.0092,-21.3421
1467,28.1883,-19.9496
1468,27.7674,-18.9386
1469,28.1982,-17.4725
1470,28.1755,-19.9603
1471,26.0389,-18.2208
1472,25.036,-17.1524
1473,24.8407,-17.0689
1474,28.1767,-19.9661
1475,26.0231,-18.2124
1476,28.1695,-19.9673
1477,28.16,-19.9685
1478,27.7455,-18.9282
1479,29.0108,-21.3534
1480,28.1689,-19.9571
1481,27.7541,-18.9356
1482,27.7557,-18.9338
1483,27.7539,-18.9316
1484,28.1865,-19.9583
1485,26.0325,-18.2226
1486,28.1924,-17.47
1487,28.1854,-19.9555
1488,25.875,-18.1885
1489,28.2044,-15.5199
1490,29.4049,-16.1141
1491,28.2128,-15.5213
1492,28.2228,-15.5237
1493,28.2111,-15.5233
1494,28.2051,-15.5247
1495,28.2103,-15.5158
1496,28.2105,-15.52
1497,28.2091,-15.5167
1498,28.9282,-18.2203
1499,28.042,-12.8246
1500,28.0483,-12.8222
1501,31.0393,-17.5578
1502,28.0427,-12.8057
1503,29.4105,-16.1059
1504,29.4116,-16.1125
1505,28.0138,-12.8109
1506,28.0399,-12.7791
1507,28.0201,-12.8158
1508,28.0281,-12.7524
1509,28.0411,-12.8177
1510,28.0456,-12.8073
1511,28.0564,-12.8187
1512,28.0598,-12.82
1513,28.0189,-12.8165
1514,28.0587,-12.779
1515,28.0468,-12.8078
1516,28.9264,-18.2173
1517,28.0491,-12.8185
1518,31.0403,-17.5653
1519,28.0429,-12.8088
1520,28.0028,-12.8102
1521,28.0378,-12.806
1522,28.0426,-12.81
1523,28.0262,-12.7754
1524,28.2036,-15.525
1525,28.2118,-15.5225
1526,28.0328,-12.7649
1527,28.0532,-12.8194
1528,28.0271,-12.7707
1529,28.011,-12.8082
1530,28.0355,-12.8002
1531,28.2079,-15.5186
1532,28.2028,-15.5309
1533,28.0347,-12.7726
1534,28.0205,-12.8094
1535,28.0345,-12.7494
1536,28.0395,-12.813
1537,28.0467,-12.823
1538,28.0624,-12.7799
1539,28.9277,-18.2183
1540,28.2124,-15.5156
1541,28.1979,-15.534
1542,28.2148,-15.5219
1543,28.0338,-12.8024
1544,28.0459,-12.8254
1545,28.0385,-12.7823
1546,28.037,-12.8073
1547,28.0435,-12.8144
1548,28.0988,-12.8099
1549,28.0261,-12.7721
1550,28.0384,-12.8053
1551,28.0051,-12.8064
1552,28.0422,-12.7861
1553,28.2261,-15.5505
1554,28.1981,-15.5319
1555,28.0393,-12.7763
1556,28.03,-12.7696
1557,28.0382,-12.8189
1558,28.0344,-12.8004
1559,28.9292,-18.2194
1560,28.9351,-18.2189
1561,28.2003,-15.5311
1562,28.0407,-12.7756
1563,28.034,-12.8077
1564,28.0135,-12.7995
1565,28.07,-12.8454
1566,28.0311,-12.807
1567,28.0239,-12.8161
1568,28.0337,-12.7593
1569,28.0269,-12.7706
1570,28.035,-12.823
1571,28.1995,-15.5328
1572,28.2013,-15.5335
1573,28.0025,-12.8101
1574,28.031,-12.8028
1575,28.0367,-12.7809
1576,27.9963,-12.814
1577,28.2079,-15.5279
1578,28.2224,-15.521
1579,28.2031,-15.5213
1580,28.0202,-12.8045
1581,28.0387,-12.7869
1582,29.407,-16.121
1583,28.0241,-12.7644
1584,28.2077,-15.5241
1585,28.0104,-12.8166
1586,28.0423,-12.5012
1587,28.054,-12.7759
1588,28.0446,-12.7718
1589,28.2139,-15.5191
1590,28.1983,-15.5342
1591,28.0498,-12.8083
1592,28.0495,-12.8217
1593,28.0152,-12.816
1594,28.0415,-12.7849
1595,28.0605,-12.7791
1596,28.2105,-15.5178
1597,78.47,30.1
1598,78.78,30.17
1599,5.6625,51.98805556
1600,82.63333333,25.04166667
1601,142.3167,44.383
1602,17.1,52.55
1603,76.9349,43.2153
1604,-91.6542,33.1209
1605,-93.2694,33.1565
1606,-94.18,34.2869
1607,116.55,6.083333333
1608,79.4333,29.26667
1609,-83.59166667,39.95
1610,-81.24,41.16
1611,-84.71666667,38.95
1612,-84.71666667,40.95
1613,6.1,50.58333333
1614,6.066666667,50.53333333
1615,6.08,50.55
1616,-82.2546,29.7046
1617,31.3193,-27.3033
1618,-2.59,51.4
1619,24.817,62.05
1620,23.85,62.067
1621,25.017,60.367
1622,27.02,58.37
1623,27.05,58.33
1624,27.16,58.15
1625,26.01,58.02
1626,69.7065,54.9483
1627,69.6901,54.9773
1628,69.7739,54.9243
1629,34.5586,31.1004
1630,34.4472,30.9955
1631,-58.37,-34.6
1632,-122,47
1633,-121.85,45.83
1634,80.8,37.01666667
1635,5.783333333,52.25
1636,-116.9178,60.939
1637,-117.2232,54.9709
1638,-116.7596,54.4074
1639,-118.4343,55.5236
1640,-118.7865,55.0713
1641,-117.6564,61.3747
1642,-118.9532,55.0746
1643,-117.8632,53.2977
1644,-117.5677,53.3555
1645,-115.7665,60.8179
1646,-118.1643,55.2205
1647,-115.7632,60.854
1648,-116.3576,36.4675
1649,-115.9669,36.8108
1650,-116.0057,36.6641
1651,127.29,42.2
1652,110,30.38
1653,127.33,41.41
1654,-125.5,54.5
1655,127.5333333,45.35
1656,106.8333333,22.16666667
1657,119.0166667,31.6
1658,110.54,30.52
1659,110.55,30.47
1660,110.1,35.65
1661,116.51,42.02
1662,117.35,42.5
1663,112.5361111,23.17375
1664,108.0744306,34.28228889
1665,175.3166667,-37.75
1666,174.3002,-39.103
1667,-117.3208,46.6262
1668,-117.3329,46.7706
1669,-117.2617,46.5888
1670,-117.2535,46.6573
1671,-117.326,46.7557
1672,-117.1128,46.8042
1673,-117.2079,46.7564
1674,-117.0549,46.9099
1675,-117.3374,46.6386
1676,-117.2489,46.6271
1677,-117.3998,46.7126
1678,-117.2894,46.7714
1679,-117.1374,46.7602
1680,-117.2742,46.7095
1681,-117.111,46.7747
1682,-117.2967,46.6209
1683,-117.2716,46.5939
1684,-117.1852,46.844
1685,-117.2209,46.8304
1686,-117.1902,46.8208
1687,-117.3568,46.6519
1688,-117.3789,46.6707
1689,-117.0912,46.6665
1690,-104.4924,38.6729
1691,-104.4106,38.5025
1692,-104.608,38.5319
1693,-104.9524,38.8442
1694,-104.5662,38.8181
1695,-104.4168,38.6536
1696,-104.4395,38.5947
1697,-104.5036,38.6673
1698,-104.571,38.8282
1699,-104.44,38.6085
1700,-104.9377,38.8538
1701,-104.4101,38.5037
1702,-104.629,38.5542
1703,-104.9216,38.8575
1704,-104.9495,38.84
1705,-104.9363,38.8537
1706,-104.9522,38.8436
1707,-104.4114,38.5042
1708,-104.4134,38.503
1709,-104.9366,38.8553
1710,-104.4236,38.602
1711,-104.4101,38.5039
1712,-104.9374,38.8553
1713,-104.5607,38.8157
1714,-104.4253,38.5948
1715,-104.4112,38.5029
1716,-104.4082,38.5017
1717,-104.9378,38.857
1718,-104.4439,38.6079
1719,-104.568,38.8267
1720,-104.5654,38.8272
1721,-104.9269,38.8573
1722,-104.9525,38.8437
1723,-104.4093,38.5025
1724,-104.5594,38.8197
1725,-104.951,38.8433
1726,-104.4079,38.5068
1727,-104.5031,38.6774
1728,-104.9511,38.8439
1729,-104.4121,38.5041
1730,-104.9361,38.8553
1731,-104.9368,38.854
1732,-104.5621,38.8234
1733,-104.9382,38.8527
1734,-104.9366,38.8569
1735,-104.4144,38.5039
1736,-104.4059,38.5052
1737,-104.951,38.8437
1738,-104.565,38.8231
1739,-104.9515,38.8438
1740,-104.5798,38.8017
1741,-104.5786,38.8021
1742,-104.9526,38.8434
1743,-104.9511,38.8434
1744,-104.5646,38.8254
1745,-104.5655,38.8248
1746,-104.4116,38.5039
1747,-104.4174,38.5085
1748,-104.9382,38.854
1749,-104.9369,38.8533
1750,-96.67148,40.8514
1751,-95.7516,40.4606
1752,-95.7508,40.4628
1753,-96.6919,40.8176
1754,-96.7086,40.8335
1755,-96.7022,40.8509
1756,-96.535,40.9369
1757,-95.7067,40.466
1758,-96.7197,40.8181
1759,-95.7529,40.4618
1760,-95.7081,40.4672
1761,-95.7377,40.4862
1762,-95.7079,40.468
1763,-95.7519,40.4633
1764,-95.7521,40.4605
1765,-95.7481,40.4599
1766,-95.7092,40.468
1767,-96.2058,40.8866
1768,-96.42,40.48
1769,5.850496,52.168654
1770,127.6617,45.4017
1771,120.7198,42.9226
1772,120.7096,42.9271
1773,102.58,30.51
1774,102.58,30.52
1775,102.58,30.53
1776,102.59,30.53
1777,102.57,30.53
1778,-84,44
1779,132.4786,-12.6784
1780,153.4976,-27.4988
1781,-70.1,41.93
1782,-73.8133,43.5285
1783,-72.87,40.9
1784,-71.985,42.05
1785,-72.52,40.54
1786,9.45,51.14
1787,9.23,52.1
1788,7.666666667,60.3
1789,7.683333333,60.3
1790,-79.8502,9.1905
1791,-98.31667,50.18333
1792,112.23,30.34
1793,104.083,32.967
1794,112.22,30.33
1795,-86.15,43.66666667
1796,-85.83333333,44.38333333
1797,-88.88333333,46.86666667
1798,113.46,25.58
1799,115.4185278,39.95023056
1800,115.25,39.57
1801,110.6,19.91666667
1802,88.0251,44.3188
1803,88.0141,44.3747
1804,6.48,49.58
1805,103.0777,30.9451
1806,103.8994444,31.68527778
1807,110.3,37.28
1808,117.26,26.11
1809,149.0426111,-35.175
1810,149.0426222,-35.175
1811,117.4333333,26.19166667
1812,118.55,23.45
1813,107.0026389,26.49888889
1814,-96.7879,46.8729
1815,-0.5656,54.2859
1816,-2.8596,57.3733
1817,-2.8333,57.3767
1818,-0.5286,54.2881
1819,-0.5239,54.2818
1820,-3.1798,57.5855
1821,-0.5394,54.2864
1822,-91.23333333,44.1
1823,109.5,26.75
1824,124.9,41.85
1825,123.4,41.51666667
1826,124.267955,40.260136
1827,16.68,51.29
1828,19.77,51.26
1829,14.76,51.75
1830,14.21,56.42
1831,19.54,65.88
1832,26.21,64.56
1833,27.68,68.53
1834,16.82,63.27
1835,15.25,61.09
1836,22.34,52.02
1837,28.17,66.58
1838,18.33,64.52
1839,23.62,53.45
1840,24.49,60.74
1841,20.95,67.18
1842,15.63,62.58
1843,19.94,66.66
1844,27.47,65.56
1845,19.46,65.12
1846,20.46,67.96
1847,15.18,60.36
1848,24.93,63.54
1849,14.86,58.85
1850,15.03,59.42
1851,22.97,54
1852,15.64,61.79
1853,29.05,69.63
1854,17.4,64
1855,23.96,62.54
1856,18.8,68.35
1857,9.34,51.37
1858,-123.55,44.5
1859,121.47,29.48
1860,150.2426,-33.3678
1861,146.5,-30.92
1862,148.4087,-25.7478
1863,150.5648,-23.1726
1864,22.2,40.58
1865,128.52,47.1
1866,-0.9328,51.4628
1867,105.6745,34.6283
1868,105.6755,34.6295
1869,5.45,52.04
1870,127.56,41.58
1871,77.219,43.2424
1872,117.57,26.28
1873,128.19,42.35
1874,128.1081,42.4209
1875,128.3117,42.1914
1876,128.0946,42.3993
1877,87.941,44.3027
1878,100.1475,39.3786
1879,100.1328,39.3495
1880,127.34,45.2
1881,6.33,44.13
1882,3.53,40.18
1883,13.95940496,52.88146429
1884,13.75039938,53.12178739
1885,10.4358066,51.29406649
1886,10.37173191,51.28150716
1887,9.521449222,48.3829434
1888,10.44682099,50.96681877
1889,9.341993232,48.39800652
1890,9.425257721,48.43954573
1891,13.96965565,53.08742914
1892,9.357225773,48.44220546
1893,9.439207349,48.39587739
1894,10.3807894,51.22390789
1895,13.96783947,52.87658632
1896,10.41795132,51.27126372
1897,10.46479085,51.06944732
1898,9.492131296,48.42264187
1899,10.48623924,51.06801898
1900,9.460031092,48.45874657
1901,10.45885023,51.03350101
1902,10.40536974,50.97165413
1903,13.82634397,52.97844669
1904,10.5969935,51.0864519
1905,9.457959376,48.40133488
1906,13.84832998,52.98027916
1907,13.98005908,53.08931593
1908,10.75257536,51.19070808
1909,9.212607126,48.3787143
1910,10.42597603,51.11144069
1911,10.36692343,51.22103202
1912,9.376853671,48.39142248
1913,13.97381439,53.10084537
1914,9.491057835,48.45142388
1915,10.43619094,51.11336761
1916,13.8320992,53.15193836
1917,9.448654951,48.487254
1918,9.446163845,48.41923234
1919,10.32253048,51.21589603
1920,9.455669168,48.40197349
1921,13.96517865,53.08739931
1922,13.84252485,52.98579436
1923,10.43295574,50.99809733
1924,10.47322191,51.07324143
1925,9.502799126,48.39467248
1926,9.435003548,48.37799729
1927,9.418895742,48.38088995
1928,9.513429797,48.40438288
1929,13.84068309,53.1157091
1930,13.61800233,53.11063734
1931,10.4467675,51.27515528
1932,13.70739263,53.12279318
1933,14.00053575,53.10746171
1934,14.00188318,53.11376325
1935,13.99870744,53.09037279
1936,13.98571171,53.10284335
1937,26.6833,58.3666
1938,86.14888889,11.89833333
1939,-83.10888889,9.6675
1940,-83.66861111,9.89555556
1941,-83.72944444,9.93861111
1942,-80.20888889,43.54111111
1943,12.39157,51.328735
1944,3.51,43.59
1945,61.47582,46.18022
1946,60.59068,47.06011
1947,60.65524,47.23906
1948,60.59482,47.14966
1949,60.64683,47.20134
1950,61.401,46.10016
1951,61.09554,47.375
1952,61.13606,47.40514
1953,61.02891,47.35983
1954,61.10241,47.3152
1955,61.38853,46.13948
1956,61.39636,46.18172
1957,63.19223,38.5528
1958,63.21271,38.57559
1959,63.18943,38.58098
1960,63.74835,40.74825
1961,63.74081,40.74206
1962,63.74819,40.73352
1963,63.75786,40.7407
1964,40.11465,43.42008
1965,69.40665,41.27083
1966,68.71922,42.53151
1967,69.35068,41.27625
1968,39.99317,43.50965
1969,68.7619,42.53162
1970,68.7597,42.4984
1971,53.38692,60.62738
1972,56.85261,60.55934
1973,54.36436,60.5138
1974,56.38182,58.05768
1975,56.88939,60.53683
1976,58.83009,54.56619
1977,56.85489,60.51081
1978,54.45197,60.55604
1979,58.84998,54.53915
1980,54.26076,60.57414
1981,56.90718,60.4876
1982,40.17817,43.67141
1983,37.97975,48.50427
1984,40.15427,43.99979
1985,68.88072,39.06438
1986,57.74691,58.18885
1987,68.88142,39.06983
1988,58.82182,54.56062
1989,57.74352,58.19873
1990,57.77908,58.16069
1991,50.51761,55.43202
1992,57.76502,58.1663
1993,58.85445,54.53828
1994,57.73222,58.21051
1995,33.90201,62.68118
1996,58.79411,54.59689
1997,90.14581,53.14919
1998,29.70448,60.60517
1999,58.7931,54.59834
2000,37.64008,54.84389
2001,61.7252,54.08427
2002,61.70925,54.08661
2003,61.69006,54.09996
2004,61.72923,54.09979
2005,61.7241,54.09404
2006,61.71687,54.09696
2007,40.23534,43.93602
2008,44.6072,42.7243
2009,44.56585,42.71729
2010,68.87245,39.02522
2011,58.79525,54.60062
2012,56.29113,57.93275
2013,74.49902,44.35644
2014,50.33895,55.39356
2015,44.60546,42.7246
2016,56.14689,57.95603
2017,47.49346,62.27388
2018,44.59086,42.72319
2019,57.94187,61.15206
2020,58.79789,54.59943
2021,53.81224,60.59256
2022,75.50738,44.70491
2023,75.62873,44.6217
2024,75.47277,44.58153
2025,44.57509,42.71785
2026,61.71569,54.08491
2027,61.70587,54.07998
2028,57.72414,58.21635
2029,44.6013,42.72479
2030,61.73473,54.08979
2031,42.49764,43.28231
2032,44.59808,42.72508
2033,44.58765,42.72194
2034,44.59969,42.72499
2035,44.58004,42.71901
2036,44.55842,42.72376
2037,44.58271,42.72026
2038,44.5942,42.72424
2039,44.54749,42.73227
2040,44.60989,42.72379
2041,44.58458,42.72099
2042,44.57268,42.71743
2043,44.55931,42.72964
2044,44.59567,42.72486
2045,44.5926,42.72382
2046,56.37986,57.98871
2047,68.88454,39.08657
2048,44.89558,62.94939
2049,44.60345,42.72459
2050,44.60854,42.7242
2051,44.53199,42.72672
2052,75.66109,44.70284
2053,74.559,44.45224
2054,65.75181,66.91296
2055,53.07635,60.56548
2056,33.74866,67.61311
2057,65.82589,66.92138
2058,44.57107,42.71721
2059,44.61499,42.72278
2060,44.58926,42.72236
2061,58.83528,54.52392
2062,44.5775,42.71797
2063,58.84374,54.53171
2064,58.84699,54.5308
2065,68.8798,39.05263
2066,53.67288,60.52519
2067,56.12534,58.04826
2068,56.24536,58.07502
2069,65.87311,66.92958
2070,69.87413,41.23494
2071,74.71952,44.36933
2072,68.87676,39.03798
2073,68.87855,39.04593
2074,44.62505,42.72086
2075,44.61163,42.72359
2076,68.88077,39.0587
2077,97.31732,70.71963
2078,64.08043,67.49326
2079,97.14148,73.13212
2080,75.32671,44.61716
2081,44.61338,42.72288
2082,68.88247,39.078
2083,44.617,42.72289
2084,133.51042,43.2068
2085,42.6381,43.25151
2086,42.63797,43.26555
2087,42.64871,43.20823
2088,42.64702,43.26269
2089,69.36048,41.22581
2090,41.63557,41.62545
2091,78.34334,59.51265
2092,56.24844,58.0142
2093,56.22356,57.9784
2094,72.85016,55.79939
2095,44.5672,40.21901
2096,43.53483,41.7514
2097,71.12581,61.91152
2098,82.93536,55.03208
2099,-93.2008,45.4086
2100,-111.69,35.35
2101,16.33,56.28
2102,16.01666667,60.91666667
2103,-3.2,55.51666667
2104,-0.833333333,51.13333333
2105,5.916666667,50.28333333
2106,18.53333333,49.5
2107,4.4,51.16666667
2108,30.96666667,62.78333333
2109,-4.898347526,43.37994411
2110,-5.036237357,43.30099941
2111,-5.240436476,43.29971048
2112,-5.167193452,43.28233048
2113,-4.875355259,43.44215519
2114,-4.826759143,43.20078023
2115,-5.241460941,43.4705429
2116,-4.89960521,43.38029239
2117,-4.847116309,43.44329027
2118,-4.826846335,43.20081486
2119,-4.885503569,43.44185319
2120,-4.975480172,43.21751446
2121,-5.061106834,43.31494259
2122,-4.985634424,43.21894138
2123,-5.163879448,43.27819727
2124,-4.913775859,43.36299307
2125,-4.739349749,43.23387475
2126,-4.795515176,43.13216518
2127,-5.794169633,43.44250048
2128,-5.167161498,43.28143066
2129,-5.700686546,43.57163811
2130,-4.975589753,43.21747655
2131,-4.893699056,43.3813088
2132,-4.990891985,43.28812945
2133,-4.885443492,43.4419082
2134,-4.985501698,43.21902473
2135,-5.165099226,43.27957884
2136,-5.146887907,43.19728963
2137,-4.981274628,43.22612147
2138,-4.854146068,43.44080838
2139,-4.858390608,43.16505404
2140,-5.750000853,43.42166571
2141,-4.825558277,43.20054728
2142,-4.85015291,43.14888939
2143,-4.849758896,43.1525426
2144,-4.885705835,43.44518137
2145,-4.975590915,43.21751255
2146,-5.039804682,43.29854969
2147,-4.982436707,43.2160074
2148,-4.806173714,43.16010962
2149,-4.818312548,43.20730801
2150,-5.24081076,43.07758389
2151,-4.990133176,43.23271193
2152,-4.81831228,43.20729901
2153,-4.858379678,43.16509924
2154,-4.807751409,43.1614714
2155,-4.846458923,43.15282103
2156,-5.084799592,43.20064448
2157,-4.981286643,43.22611226
2158,7.121041667,53.55058889
2159,7.119905556,53.551525
2160,7.121486111,53.55027222
2161,7.294036111,53.67720278
2162,7.294588889,53.67748333
2163,7.293433333,53.67685833
2164,7.120583333,53.55094444
2165,7.294569444,53.67788056
2166,8.175405556,53.42738889
2167,8.175333333,53.42836667
2168,8.175397222,53.42788333
2169,8.177341667,53.42850833
2170,8.174361111,53.42705
2171,8.320588889,53.50246667
2172,8.176888889,53.42883611
2173,8.177641667,53.42619444
2174,8.152083333,53.71619444
2175,8.158538889,53.71948333
2176,8.154691667,53.71567222
2177,8.137544444,53.71730556
2178,8.1373,53.71739167
2179,8.160086111,53.71936667
2180,8.158663889,53.721
2181,8.156347222,53.71558333
2182,7.119316667,53.54925
2183,8.155997222,53.71553889
2184,8.137411111,53.71781389
2185,7.321977778,53.68177778
2186,7.315030556,53.67979444
2187,7.321838889,53.68215556
2188,7.315155556,53.68038611
2189,7.322425,53.68066667
2190,7.322105556,53.68095833
2191,7.118941667,53.54930556
2192,7.348138889,53.68330833
2193,7.350469444,53.68380556
2194,7.323138889,53.68060556
2195,7.323441667,53.68062778
2196,8.138472222,53.7172
2197,7.351236111,53.68367778
2198,8.157711111,53.72074444
2199,7.348547222,53.68333056
2200,8.157727778,53.72005556
2201,7.322866667,53.680625
2202,8.321105556,53.50131111
2203,8.320994444,53.50173333
2204,8.322063889,53.500725
2205,8.320783333,53.500725
2206,8.135166667,53.72014167
2207,8.137752778,53.71675556
2208,8.132933333,53.71758333
2209,8.133322222,53.71711944
2210,8.133044444,53.71727778
2211,8.137625,53.71553333
2212,8.161869444,53.71885833
2213,8.322183333,53.51305278
2214,8.161036111,53.71815278
2215,8.317022222,53.51166667
2216,8.134891667,53.71437222
2217,8.317577778,53.51175833
2218,8.317022222,53.51159444
2219,8.319888889,53.51239167
2220,8.135186111,53.71403333
2221,8.321463889,53.51280556
2222,8.134108333,53.72019444
2223,8.322866667,53.50075
2224,8.178088889,53.42488333
2225,8.323608333,53.50120833
2226,8.158825,53.71969167
2227,8.134280556,53.71759444
2228,8.133852778,53.72067222
2229,8.323238889,53.50088889
2230,8.177608333,53.42550833
2231,8.157091667,53.72068611
2232,8.137977778,53.71381944
2233,8.160633333,53.71631667
2234,8.137602778,53.7159
2235,8.161033333,53.71897778
2236,8.162058333,53.71858056
2237,8.137952778,53.71425833
2238,8.161313889,53.717875
2239,8.176938889,53.42678889
2240,8.177888889,53.42741389
2241,8.177547222,53.42791667
2242,8.317052778,53.51158611
2243,8.320777778,53.51256667
2244,-157.7,21.24
2245,1.034444444,41.345
2246,1.82,41.3
2247,-106.8233667,38.71488333
2248,-107.0666667,38.9915
2249,-107.0314667,38.96133333
2250,-107.05105,38.93371667
2251,-4.8,37.85
2252,0.13,52.19
2253,22.62306944,48.26604167
2254,22.78651667,48.22985833
2255,22.78971111,48.22016111
2256,22.786125,48.22038889
2257,22.76469444,48.45822778
2258,22.68640556,48.43906667
2259,22.64661667,48.20736111
2260,22.64625556,48.205775
2261,22.79282222,48.23002778
2262,22.76381111,48.45991944
2263,22.68592222,48.44456111
2264,22.68815833,48.43810833
2265,22.76371111,48.45873889
2266,23.08794167,48.737
2267,22.69026389,48.44490278
2268,23.09059444,48.73649167
2269,22.78645833,48.21694722
2270,22.76523889,48.45800278
2271,22.33410556,48.57917778
2272,22.33296389,48.57943056
2273,22.62556389,48.25735556
2274,22.79674722,48.234225
2275,23.08586667,48.73802222
2276,23.08527778,48.73807778
2277,22.76654167,48.45793056
2278,22.68792778,48.43699722
2279,22.688325,48.43763056
2280,22.62334444,48.26663333
2281,23.08533889,48.73810556
2282,23.05899167,48.73395
2283,23.07723056,48.73664167
2284,23.094375,48.73059444
2285,22.78971111,48.22628889
2286,22.79054444,48.22938056
2287,23.08701944,48.73728611
2288,22.764775,48.45805278
2289,22.76698611,48.45711111
2290,22.76381667,48.45938056
2291,23.09865,48.72634722
2292,23.09640833,48.72808056
2293,23.09568611,48.73007222
2294,23.08853889,48.73455278
2295,23.09483056,48.73084722
2296,22.69690556,48.444925
2297,22.65729444,48.213775
2298,22.65031111,48.210975
2299,22.62317222,48.25012222
2300,145.2,-38.33333333
2301,-155.4333333,19.71666667
2302,-121.2166667,43.91666667
2303,91.93333333,25.56666667
2304,-122.1833333,44.25
2305,-88.88333333,42.88333333
2306,142.3166667,44.38333333
2307,-72.2,42.5
2308,8.319944444,53.50247222
2309,8.154563889,53.71986667
2310,8.156866667,53.72053889
2311,8.157830556,53.71930556
2312,7.316308333,53.68097778
2313,8.162094444,53.716775
2314,7.315825,53.68145833
2315,7.315063889,53.68088333
2316,7.349213889,53.68387222
2317,7.348461111,53.68391667
2318,7.349777778,53.68380278
2319,41.7,43.45
2320,113.2961111,28.3994444
2321,19.9449799,50.0646501
2322,21.983333,58.316667
2323,26.75,58.7
2324,22.55,58.816667
2325,26.05,58.083333
2326,24.25,58.766667
2327,-52.839,5.245675
2328,77.55,11.06666667
2329,77.21666667,10.96666667
2330,76.63,11.46666667
2331,77.06666667,10.53333333
2332,77.98333333,11.46666667
2333,76.58333333,11.25
2334,118.1252635,29.2334415
2335,-97.07,36.11
2336,31,30.78
2337,-84.28,36.01
2338,4.87,52.34
2339,-4.79,37.89
2340,5.12,52.09
2341,30.84,29.31
2342,8.54,47.36
2343,-76.51,42.44
2344,-89.4,45.64
2345,171.15,-43.75
2346,-3.71,40.46
2347,-78.9,36
2348,-72.92,41.31
2349,-1.09,53.95
2350,-5.68,54.66
2351,-0.53,50.81
2352,4.1,51.91
2353,-7.74,41.3
2354,-121.73,38.53
2355,130.87,-12.43
2356,11.58,48.13
2357,-123.27,44.56
2358,-157.87,21.31
2359,-117.2,46.73
2360,-71.13,42.37
2361,-88.15,40.11
2362,-4.5,48.42
2363,-123.02,49.22
2364,130.88,-12.38
2365,6.59,53.19
2366,3.88,43.61
2367,116.39,39.91
2368,-95.02,18.5
2369,39.6,24.47
2370,58.53,23.56
2371,-71.29,46.78
2372,-123.37,48.43
2373,-113.47,53.54
2374,-80.65,28.52
2375,12.5,55.89
2376,-77.86,40.8
2377,-76.88,39.03
2378,151.2,-33.87
2379,103.86,1.32
2380,7.1,50.73
2381,-0.48,38.33
2382,-73.68,41.78
2383,-89.3,48.4
2384,144.93,-37.84
2385,-3.18,55.95
2386,-4.09,52.41
2387,-58.46,-34.67
2388,-42.87,-20.76
2389,-79.7,9.12
2390,4.39,51.21
2391,-80.4,37.21
2392,5.86,51.83
2393,-122.17,37.43
2394,-6.33,53.36
2395,14.76,49.01
2396,-87.63,41.89
2397,-1.46,53.38
2398,5.65,51.97
2399,-0.34,51.82
2400,-9.14,38.74
2401,-64.36,45.09
2402,34.82,30.93
2403,-6.1,40.03
2404,120.98,14.6
2405,27.1,62.5
2406,29.77,62.59
2407,-46.62,-23.5
2408,4.51,50.82
2409,10.32,36.73
2410,9.73,52.37
2411,-119.82,39.54
2412,-48.45,-1.42
2413,9.68,46.51
2414,-1.14,38
2415,-1.1,40.34
2416,-1.22,52.77
2417,138.59,-34.93
2418,-61.58,16.25
2419,-96.33,30.64
2420,2.17,48.7
2421,-80.26,43.54
2422,-114.43,42.53
2423,-85.49,32.6
2424,-81.67,36.21
2425,-105.25,40
2426,-0.1,37.61
2427,-81.93,40.8
2428,-60.02,-3.12
2429,-0.12,50.83
2430,-93.11,44.96
2431,143.85,-37.55
2432,-72.53,42.36
2433,140.08,36.08
2434,175.59,-40.35
2435,12.08,55.65
2436,20.26,63.82
2437,17.67,59.85
2438,16.61,49.18
2439,101.25,21.9
2440,-117.42,33.93
2441,-119.8,36.9
2442,11.34,44.49
2443,-0.57,44.84
2444,0.12,52.2
2445,6.17,48.68
2446,7.5,47.4
2447,-78.65,35.78
2448,50.97,35.81
2449,18.94,69.68
2450,-89.34,43.07
2451,139.72,35.69
2452,146.05,-34.28
2453,172.64,-43.54
2454,147.33,-42.88
2455,105.05,19.45
2456,-0.96,51.46
2457,-1.15,52.96
2458,74.08,32.57
2459,-2.11,57.15
2460,138.98,36.52
2461,-0.79,41.65
2462,-73.55,45.51
2463,-119.05,43.58
2464,10.6,44.12
2465,18.83,68.35
2466,-88.48,46.64
2467,-79.78,34.19
2468,-106.77,32.29
2469,18.6,-33.99
2470,-82.1,39.32
2471,51.42,35.71
2472,-79.85,9.15
2473,-86.87,40.41
2474,-82.33,29.65
2475,-157.72,21.35
2476,-117.16,32.72
2477,8.44,47.35
2478,-39.03,-14.78
2479,31.55,-24.92
2480,-84.39,33.76
2481,72.97,19.23
2482,101.68,3.15
2483,24.94,60.19
2484,6.41,50.91
2485,-71.66,-35.43
2486,140.87,38.27
2487,115.82,-31.99
2488,144.74,13.41
2489,0.91,51.89
2490,-91.14,30.45
2491,-81.72,33.54
2492,-127.55,51
2493,-71.89,45.39
2494,-80.2,25.7
2495,13.38,52.52
2496,11.58,49.94
2497,-105.08,40.6
2498,5.68,58.77
2499,10.8,59.67
2500,-51.2,-30.4
2501,-76.57,38.59
2502,34.9,31.12
2503,21.73,38.25
2504,27.67,62.89
2505,-79.97,39.63
2506,28.19,-25.75
2507,-119.71,34.42
2508,-73.2,42.71
2509,26.4,40.15
2510,70.8,22.31
2511,-123.1,38.35
2512,2.17,41.39
2513,-81.73,28.1
2514,6.35,48.74
2515,-97.36,31.09
2516,24.74,59.45
2517,29.4,61.75
2518,-84.79,45.56
2519,-114.17,51.07
2520,68.83,23.26
2521,120.18,30.27
2522,-5.97,37.38
2523,-113.99,46.53
2524,15.8,40.64
2525,-58.63,4.79
2526,2.35,48.85
2527,-0.73,51.52
2528,20.79,42.75
2529,-115.15,36.08
2530,-84.07,36.2
2531,-1.65,42.82
2532,152.97,-26.63
2533,9.91,51.54
2534,-111.83,41.74
2535,73.05,31.25
2536,140.79,-37.83
2537,11.91,51.49
2538,-20.2,63.7
2539,7.84,47.99
2540,-92.12,46.8
2541,82.96,25.28
2542,-63.57,44.65
2543,113.27,23.13
2544,4.05,51.49
2545,34.78,31.25
2546,124.18,24.4
2547,11.25,43.77
2548,-73.15,40.92
2549,-83.38,33.94
2550,7.5,47.54
2551,-67.12,18.16
2552,-84.49,42.74
2553,-80,40.44
2554,-68.81,-32.88
2555,-1.42,51.59
2556,153.01,-27.5
2557,153.44,-28.84
2558,5.76,51.95
2559,-120.8,38.73
2560,-122.74,53.89
2561,-79.4,43.65
2562,-1.61,54.97
2563,-60.52,-31.73
2564,-79.57,8.95
2565,-111.94,33.43
2566,103.85,31.68
2567,136.91,35.18
2568,106.51,29.55
2569,141.35,43.04
2570,-44.99,-21.3
2571,-65.3,-43.19
2572,104.08,30.64
2573,124.54,41.51
2574,13.1,55.66
2575,10.2,36.85
